{"cameraMode":{"drawMode":0,"name":"Shaded","section":"Shading Mode"},"sceneLighting":false,"audioPlay":false,"sceneViewState":{"showFog":true,"showMaterialUpdate":false,"showSkybox":false,"showFlares":true,"showImageEffects":true,"showParticleSystems":true},"in2DMode":false,"pivot":{"x":68.78013610839844,"y":-1.726125717163086,"z":55.678592681884769},"rotation":{"x":0.05492312088608742,"y":0.42063790559768679,"z":-0.025525350123643876,"w":0.9052079319953919},"size":92.76480102539063,"orthographic":false}