{"cameraMode":{"drawMode":0,"name":"Shaded","section":"Shading Mode"},"sceneLighting":false,"audioPlay":false,"sceneViewState":{"showFog":true,"showMaterialUpdate":false,"showSkybox":false,"showFlares":true,"showImageEffects":true,"showParticleSystems":true},"in2DMode":false,"pivot":{"x":40.62166213989258,"y":2.15043306350708,"z":-18.91734504699707},"rotation":{"x":0.005587825085967779,"y":0.9920409321784973,"z":-0.11660084873437882,"w":0.04766380414366722},"size":6.729504585266113,"orthographic":false}