{"cameraMode":{"drawMode":0,"name":"Shaded","section":"Shading Mode"},"sceneLighting":false,"audioPlay":false,"sceneViewState":{"showFog":false,"showMaterialUpdate":false,"showSkybox":false,"showFlares":false,"showImageEffects":false,"showParticleSystems":false},"in2DMode":false,"pivot":{"x":40.683555603027347,"y":1.1104458570480347,"z":-20.473045349121095},"rotation":{"x":0.027337437495589258,"y":0.9037207961082459,"z":-0.05837094411253929,"w":0.4232485294342041},"size":40.197540283203128,"orthographic":false}