{"cameraMode":{"drawMode":0,"name":"Shaded","section":"Shading Mode"},"sceneLighting":false,"audioPlay":false,"sceneViewState":{"showFog":false,"showMaterialUpdate":false,"showSkybox":false,"showFlares":false,"showImageEffects":false,"showParticleSystems":false},"in2DMode":false,"pivot":{"x":-4.083223819732666,"y":-6.765196800231934,"z":9.9448881149292},"rotation":{"x":-0.10891186445951462,"y":0.705796480178833,"z":-0.11122340708971024,"w":-0.691133439540863},"size":40.045623779296878,"orthographic":false}