{"cameraMode":{"drawMode":0,"name":"Shaded","section":"Shading Mode"},"sceneLighting":false,"audioPlay":false,"sceneViewState":{"showFog":false,"showMaterialUpdate":false,"showSkybox":false,"showFlares":false,"showImageEffects":false,"showParticleSystems":false},"in2DMode":false,"pivot":{"x":50.07716369628906,"y":4.189363479614258,"z":-0.022378921508789064},"rotation":{"x":0.012612583115696907,"y":0.986467719078064,"z":-0.09200679510831833,"w":0.135188490152359},"size":21.235437393188478,"orthographic":false}