{"cameraMode":{"drawMode":0,"name":"Shaded","section":"Shading Mode"},"sceneLighting":false,"audioPlay":false,"sceneViewState":{"showFog":true,"showMaterialUpdate":false,"showSkybox":false,"showFlares":true,"showImageEffects":true,"showParticleSystems":true},"in2DMode":false,"pivot":{"x":71.40950012207031,"y":4.566481590270996,"z":53.750274658203128},"rotation":{"x":0.05492312088608742,"y":0.42063790559768679,"z":-0.025525350123643876,"w":0.9052079319953919},"size":97.13591766357422,"orthographic":false}