{"cameraMode":{"drawMode":0,"name":"Shaded","section":"Shading Mode"},"sceneLighting":false,"audioPlay":false,"sceneViewState":{"showFog":false,"showMaterialUpdate":false,"showSkybox":false,"showFlares":false,"showImageEffects":false,"showParticleSystems":false},"in2DMode":false,"pivot":{"x":49.849998474121097,"y":3.89334774017334,"z":-16.200626373291017},"rotation":{"x":0.01964263804256916,"y":0.9148074984550476,"z":-0.044760093092918399,"w":0.40098586678504946},"size":14.052478790283204,"orthographic":false}