{"cameraMode":{"drawMode":0,"name":"Shaded","section":"Shading Mode"},"sceneLighting":false,"audioPlay":false,"sceneViewState":{"showFog":true,"showMaterialUpdate":false,"showSkybox":false,"showFlares":true,"showImageEffects":true,"showParticleSystems":true},"in2DMode":false,"pivot":{"x":46.81312561035156,"y":0.29069948196411135,"z":-13.98682975769043},"rotation":{"x":-0.10291465371847153,"y":-0.6658420562744141,"z":0.09350860863924027,"w":-0.7330631613731384},"size":20.138206481933595,"orthographic":false}