{"cameraMode":{"drawMode":0,"name":"Shaded","section":"Shading Mode"},"sceneLighting":false,"audioPlay":false,"sceneViewState":{"showFog":true,"showMaterialUpdate":false,"showSkybox":false,"showFlares":true,"showImageEffects":true,"showParticleSystems":true},"in2DMode":false,"pivot":{"x":-94.78108215332031,"y":-37.33567428588867,"z":-65.83356475830078},"rotation":{"x":0.06584954261779785,"y":-0.883312463760376,"z":0.13084444403648377,"w":0.4454723298549652},"size":220.98828125,"orthographic":false}