{"cameraMode":{"drawMode":0,"name":"Shaded","section":"Shading Mode"},"sceneLighting":false,"audioPlay":false,"sceneViewState":{"showFog":true,"showMaterialUpdate":false,"showSkybox":false,"showFlares":true,"showImageEffects":true,"showParticleSystems":true},"in2DMode":false,"pivot":{"x":8.654296875,"y":13.212631225585938,"z":8.8779296875},"rotation":{"x":-0.01783728040754795,"y":0.40385130047798159,"z":-0.007876520045101643,"w":-0.9146193265914917},"size":13.79529094696045,"orthographic":true}