{"cameraMode":{"drawMode":0,"name":"Shaded","section":"Shading Mode"},"sceneLighting":false,"audioPlay":false,"sceneViewState":{"showFog":false,"showMaterialUpdate":false,"showSkybox":false,"showFlares":false,"showImageEffects":false,"showParticleSystems":false},"in2DMode":false,"pivot":{"x":39.12729263305664,"y":3.757472515106201,"z":-13.992202758789063},"rotation":{"x":0.014506124891340733,"y":0.9527168869972229,"z":-0.0460515022277832,"w":0.30003708600997927},"size":12.457015991210938,"orthographic":false}