{"cameraMode":{"drawMode":0,"name":"Shaded","section":"Shading Mode"},"sceneLighting":false,"audioPlay":false,"sceneViewState":{"showFog":true,"showMaterialUpdate":false,"showSkybox":false,"showFlares":true,"showImageEffects":true,"showParticleSystems":true},"in2DMode":false,"pivot":{"x":-72.5492172241211,"y":-41.829864501953128,"z":-93.6192855834961},"rotation":{"x":0.06584954261779785,"y":-0.883312463760376,"z":0.13084444403648377,"w":0.4454723298549652},"size":211.4720458984375,"orthographic":false}