{"cameraMode":{"drawMode":0,"name":"Shaded","section":"Shading Mode"},"sceneLighting":true,"audioPlay":false,"sceneViewState":{"showFog":false,"showMaterialUpdate":false,"showSkybox":false,"showFlares":false,"showImageEffects":false,"showParticleSystems":false},"in2DMode":false,"pivot":{"x":62.11056137084961,"y":-33.2529296875,"z":120.58915710449219},"rotation":{"x":-0.14444199204444886,"y":-0.13695822656154633,"z":0.02052246779203415,"w":-0.9799047112464905},"size":141.52162170410157,"orthographic":false}