{"cameraMode":{"drawMode":0,"name":"Shaded","section":"Shading Mode"},"sceneLighting":false,"audioPlay":false,"sceneViewState":{"showFog":true,"showMaterialUpdate":false,"showSkybox":false,"showFlares":true,"showImageEffects":true,"showParticleSystems":true},"in2DMode":false,"pivot":{"x":46.201236724853519,"y":-27.816972732543947,"z":49.433929443359378},"rotation":{"x":0.36608877778053286,"y":0.07858463376760483,"z":-0.031045814976096154,"w":0.9267500042915344},"size":158.83453369140626,"orthographic":false}