{"cameraMode":{"drawMode":0,"name":"Shaded","section":"Shading Mode"},"sceneLighting":false,"audioPlay":false,"sceneViewState":{"showFog":true,"showMaterialUpdate":false,"showSkybox":false,"showFlares":true,"showImageEffects":true,"showParticleSystems":true},"in2DMode":false,"pivot":{"x":-79.05401611328125,"y":-75.02590942382813,"z":86.0776596069336},"rotation":{"x":0.2722357511520386,"y":-0.45662012696266177,"z":0.1491062492132187,"w":0.8337894082069397},"size":265.12762451171877,"orthographic":false}