{"cameraMode":{"drawMode":0,"name":"Shaded","section":"Shading Mode"},"sceneLighting":true,"audioPlay":false,"sceneViewState":{"showFog":false,"showMaterialUpdate":false,"showSkybox":false,"showFlares":false,"showImageEffects":false,"showParticleSystems":false},"in2DMode":false,"pivot":{"x":28.26049041748047,"y":2.2722737789154054,"z":7.296963691711426},"rotation":{"x":-0.03300900384783745,"y":0.4513619542121887,"z":-0.016478054225444795,"w":-0.891732931137085},"size":21.655254364013673,"orthographic":false}