{"cameraMode":{"drawMode":0,"name":"Shaded","section":"Shading Mode"},"sceneLighting":false,"audioPlay":false,"sceneViewState":{"showFog":true,"showMaterialUpdate":false,"showSkybox":false,"showFlares":true,"showImageEffects":true,"showParticleSystems":true},"in2DMode":false,"pivot":{"x":59.251705169677737,"y":-46.51414489746094,"z":27.785659790039064},"rotation":{"x":0.4661214053630829,"y":0.2652464210987091,"z":-0.14874252676963807,"w":0.8309282660484314},"size":172.73171997070313,"orthographic":false}