{"cameraMode":{"drawMode":0,"name":"Shaded","section":"Shading Mode"},"sceneLighting":false,"audioPlay":false,"sceneViewState":{"showFog":false,"showMaterialUpdate":false,"showSkybox":false,"showFlares":false,"showImageEffects":false,"showParticleSystems":false},"in2DMode":false,"pivot":{"x":-15.512569427490235,"y":-14.18832778930664,"z":26.056058883666993},"rotation":{"x":0.18013504147529603,"y":-0.520582377910614,"z":0.11340703815221787,"w":0.8268656134605408},"size":56.85068893432617,"orthographic":false}