{"cameraMode":{"drawMode":0,"name":"Shaded","section":"Shading Mode"},"sceneLighting":true,"audioPlay":false,"sceneViewState":{"showFog":false,"showMaterialUpdate":false,"showSkybox":false,"showFlares":false,"showImageEffects":false,"showParticleSystems":false},"in2DMode":false,"pivot":{"x":60.042442321777347,"y":11.545948028564454,"z":-4.734413146972656},"rotation":{"x":0.24992361664772035,"y":-0.4103196859359741,"z":0.11777667701244354,"w":0.8692033290863037},"size":9.21196460723877,"orthographic":false}