{"cameraMode":{"drawMode":0,"name":"Shaded","section":"Shading Mode"},"sceneLighting":false,"audioPlay":false,"sceneViewState":{"showFog":false,"showMaterialUpdate":false,"showSkybox":false,"showFlares":false,"showImageEffects":false,"showParticleSystems":false},"in2DMode":false,"pivot":{"x":34.57558059692383,"y":5.044332981109619,"z":-0.6862711310386658},"rotation":{"x":0.001599008566699922,"y":0.8753750920295715,"z":-0.002887193812057376,"w":0.4834558069705963},"size":14.031094551086426,"orthographic":false}