{"cameraMode":{"drawMode":0,"name":"Shaded","section":"Shading Mode"},"sceneLighting":false,"audioPlay":false,"sceneViewState":{"showFog":true,"showMaterialUpdate":false,"showSkybox":false,"showFlares":true,"showImageEffects":true,"showParticleSystems":true},"in2DMode":false,"pivot":{"x":156.8125,"y":119.6884765625,"z":1032.5263671875},"rotation":{"x":-0.11423444002866745,"y":0.20441822707653047,"z":-0.024028075858950616,"w":-0.9719048142433167},"size":21.492176055908204,"orthographic":true}