{"cameraMode":{"drawMode":0,"name":"Shaded","section":"Shading Mode"},"sceneLighting":true,"audioPlay":false,"sceneViewState":{"showFog":false,"showMaterialUpdate":false,"showSkybox":false,"showFlares":false,"showImageEffects":false,"showParticleSystems":false},"in2DMode":false,"pivot":{"x":12.415892601013184,"y":3.3894524574279787,"z":-13.769044876098633},"rotation":{"x":-0.01126233208924532,"y":0.9694383144378662,"z":-0.04448316991329193,"w":-0.2415883094072342},"size":20.680767059326173,"orthographic":false}