{"cameraMode":{"drawMode":0,"name":"Shaded","section":"Shading Mode"},"sceneLighting":false,"audioPlay":false,"sceneViewState":{"showFog":true,"showMaterialUpdate":false,"showSkybox":false,"showFlares":true,"showImageEffects":true,"showParticleSystems":true},"in2DMode":false,"pivot":{"x":37.71982955932617,"y":5.987063884735107,"z":-9.430349349975586},"rotation":{"x":-0.022307977080345155,"y":0.9707520604133606,"z":-0.09966530650854111,"w":-0.2172820121049881},"size":22.50491714477539,"orthographic":false}