{"cameraMode":{"drawMode":0,"name":"Shaded","section":"Shading Mode"},"sceneLighting":false,"audioPlay":false,"sceneViewState":{"showFog":false,"showMaterialUpdate":false,"showSkybox":false,"showFlares":false,"showImageEffects":false,"showParticleSystems":false},"in2DMode":false,"pivot":{"x":18.772083282470704,"y":0.7201098799705505,"z":-6.749759197235107},"rotation":{"x":0.024567503482103349,"y":-0.9755376577377319,"z":0.15881656110286714,"w":0.15039871633052827},"size":2.1621034145355226,"orthographic":false}