{"cameraMode":{"drawMode":0,"name":"Shaded","section":"Shading Mode"},"sceneLighting":false,"audioPlay":false,"sceneViewState":{"showFog":true,"showMaterialUpdate":false,"showSkybox":false,"showFlares":true,"showImageEffects":true,"showParticleSystems":true},"in2DMode":false,"pivot":{"x":157.9119873046875,"y":118.74761199951172,"z":1052.4456787109375},"rotation":{"x":-0.21998484432697297,"y":0.26977044343948367,"z":-0.06345099955797196,"w":-0.9353169202804565},"size":24.472307205200197,"orthographic":true}