{"cameraMode":{"drawMode":0,"name":"Shaded","section":"Shading Mode"},"sceneLighting":false,"audioPlay":false,"sceneViewState":{"showFog":true,"showMaterialUpdate":false,"showSkybox":false,"showFlares":true,"showImageEffects":true,"showParticleSystems":true},"in2DMode":false,"pivot":{"x":175.85398864746095,"y":118.74761199951172,"z":1052.2244873046875},"rotation":{"x":-0.21998484432697297,"y":0.26977044343948367,"z":-0.06345099955797196,"w":-0.9353169202804565},"size":23.904075622558595,"orthographic":true}