{"cameraMode":{"drawMode":0,"name":"Shaded","section":"Shading Mode"},"sceneLighting":true,"audioPlay":false,"sceneViewState":{"showFog":false,"showMaterialUpdate":false,"showSkybox":false,"showFlares":false,"showImageEffects":false,"showParticleSystems":false},"in2DMode":false,"pivot":{"x":-128.74746704101563,"y":-248.55523681640626,"z":-111.81861114501953},"rotation":{"x":0.22136728465557099,"y":-0.7763193845748901,"z":0.38192111253738406,"w":0.4499659538269043},"size":161.88771057128907,"orthographic":false}